"","Beta","model","out","strata","exposure","pop","se","iqr","Lower","Upper","beta_exp","Lower_exp","Upper_exp","beta_ci"
"1",-0.0176155249961705,"model 5","cvd","main","park","full",0.00813735025109511,0.159118870754791,-0.0335644384179049,-0.00166661157443612,0.99720096218637,0.994673500833961,0.999734845807877,"1 (0.99, 1)"
"2",-0.129129417125543,"model 5","cvd","main","ndvi_summer","full",0.0119777101233178,0.274767457777641,-0.152605297584507,-0.105653536666579,0.965141494788568,0.958935973963436,0.971387173131778,"0.97 (0.96, 0.97)"
"3",-0.0247083297985369,"model 5","cvd","main","occur_bs_1000m","full",0.0143425865723313,0.0322254268358965,-0.052819282925454,0.00340262332838022,0.999204080437983,0.998299323853954,1.00010965700101,"1 (1, 1)"
"4",-0.0326029598329646,"model 5","res","main","park","full",0.0120948096969762,0.159118870754791,-0.0563083512389038,-0.00889756842702545,0.994825686963946,0.991080297431391,0.998585230690452,"0.99 (0.99, 1)"
"5",-0.04701351464945,"model 5","res","main","ndvi_summer","full",0.0185823135582321,0.274767457777641,-0.0834341799730152,-0.0105928493258848,0.98716529256302,0.977335783629091,0.997093661323327,"0.99 (0.98, 1)"
"6",-0.108228957265802,"model 5","res","main","occur_bs_1000m","full",0.0214487715278652,0.0322254268358965,-0.150267776973046,-0.0661901375585581,0.996518350701908,0.995169262473296,0.997869267804377,"1 (1, 1)"
"7",-0.0549288499028515,"model 5","cvd","main","park","urban",0.0149967343412528,0.159118870754791,-0.084321909097422,-0.025535790708281,0.991297868087615,0.986672402548321,0.995945017553003,"0.99 (0.99, 1)"
"8",-0.0761539992130398,"model 5","cvd","main","ndvi_summer","urban",0.0185204549019975,0.274767457777641,-0.112453423798253,-0.0398545746278264,0.979292760543695,0.969573939724205,0.989109000935072,"0.98 (0.97, 0.99)"
"9",0.0362565024305895,"model 5","cvd","main","occur_bs_1000m","urban",0.0188795400196827,0.0322254268358965,-0.000746716052671209,0.0732597209138502,1.0011690640897,0.999975937045995,1.00236361471981,"1 (1, 1)"
"10",-0.0308030102474504,"model 5","res","main","park","urban",0.0210315518530725,0.159118870754791,-0.0720240944184591,0.0104180739235583,0.995110651761249,0.988605027575924,1.00165908692251,"1 (0.99, 1)"
"11",0.0640779245791317,"model 5","res","main","ndvi_summer","urban",0.0256699760025614,0.274767457777641,0.0137656961301039,0.114390153028159,1.01776243701694,1.00378952750109,1.03192985165064,"1.02 (1, 1.03)"
"12",0.0236077921917619,"model 5","res","main","occur_bs_1000m","urban",0.0254098738139818,0.0322254268358965,-0.0261946453353498,0.0734102297188736,1.00076106063983,0.999156222553815,1.00236847640611,"1 (1, 1)"
"13",-0.0341008476934727,"model 5","cvd","sex 1","park","full",0.00837567339266059,0.159118870754791,-0.0505168658893579,-0.0176848294975875,0.99458860625064,0.991994033180481,0.997189965459821,"0.99 (0.99, 1)"
"14",-0.101023705499108,"model 5","cvd","sex 1","ndvi_summer","full",0.0114380895139096,0.274767457777641,-0.123441948998316,-0.0786054619998999,0.972623687258432,0.966650930588836,0.97863334848282,"0.97 (0.97, 0.98)"
"15",-1.68071201371114e-05,"model 5","cvd","sex 1","occur_bs_1000m","full",0.0138701759986176,0.0322254268358965,-0.0272018525366595,0.0271682382963853,0.999999458383526,0.999123792785201,1.00087589144455,"1 (1, 1)"
"16",-0.00145612708056374,"model 5","cvd","sex 2","park","full",0.00999094810353701,0.159118870754791,-0.021038025534905,0.0181257713737775,0.999768329543011,0.996658049922074,1.00288831544116,"1 (1, 1)"
"17",-0.153778193910138,"model 5","cvd","sex 2","ndvi_summer","full",0.0118069303952619,0.274767457777641,-0.176919352252823,-0.130637035567453,0.958626983871494,0.952550951855608,0.96474177304256,"0.96 (0.95, 0.96)"
"18",-0.0493436948579987,"model 5","cvd","sex 2","occur_bs_1000m","full",0.0163599107639021,0.0322254268358965,-0.081408530745536,-0.0172788589704614,0.998411141945103,0.997380013519841,0.99944333638915,"1 (1, 1)"
"19",-0.0234982189517685,"model 5","cvd","age 65","park","full",0.00864444027274197,0.159118870754791,-0.0404410105528504,-0.00655542735068664,0.996267971329898,0.993585731878839,0.998957451634204,"1 (0.99, 1)"
"20",-0.10141377606897,"model 5","cvd","age 65","ndvi_summer","full",0.0123768190994031,0.274767457777641,-0.125671895746968,-0.0771556563909725,0.972519448303373,0.966058828738692,0.979023273937827,"0.97 (0.97, 0.98)"
"21",0.0159480036245787,"model 5","cvd","age 65","occur_bs_1000m","full",0.0186571091353785,0.0322254268358965,-0.0206192583363964,0.0525152655855538,1.00051406330926,0.999335756306653,1.00169375964211,"1 (1, 1)"
"22",-0.0106692823760184,"model 5","cvd","age 75","park","full",0.00856764642457463,0.159118870754791,-0.027461560800458,0.00612299604842124,0.998303756087178,0.995639880497529,1.0009747589859,"1 (1, 1)"
"23",-0.12927286046822,"model 5","cvd","age 75","ndvi_summer","full",0.0117096643049593,0.274767457777641,-0.152223380776994,-0.106322340159446,0.965103455873472,0.959036608364323,0.97120868214562,"0.97 (0.96, 0.97)"
"24",-0.0258768119668894,"model 5","cvd","age 75","occur_bs_1000m","full",0.0157806282307532,0.0322254268358965,-0.0568062749525817,0.0050526510188029,0.999166456279949,0.998171068080734,1.00016283709225,"1 (1, 1)"
"25",-0.0171060243644451,"model 5","cvd","age 85","park","full",0.0113769651142904,0.159118870754791,-0.0394044662418229,0.0051924175129327,0.997281809707439,0.993749621224808,1.00082655301798,"1 (0.99, 1)"
"26",-0.206985737060753,"model 5","cvd","age 85","ndvi_summer","full",0.0153574003041551,0.274767457777641,-0.237085688553061,-0.176885785568445,0.94471409260939,0.936933067631274,0.95255973730454,"0.94 (0.94, 0.95)"
"27",-0.0881542851632968,"model 5","cvd","age 85","occur_bs_1000m","full",0.0168556423601076,0.0322254268358965,-0.121190737125395,-0.0551178332011982,0.997163221814142,0.996102193014774,0.998225380800876,"1 (1, 1)"
"28",-0.0142978560700144,"model 5","cvd","dual 0","park","full",0.00829978929780673,0.159118870754791,-0.0305651441729866,0.00196943203295777,0.997727527272536,0.995148316398339,1.00031342290781,"1 (1, 1)"
"29",-0.143759139904739,"model 5","cvd","dual 0","ndvi_summer","full",0.0120661478461157,0.274767457777641,-0.167408355115261,-0.120109924694217,0.961269633499476,0.955043520681265,0.967536335547377,"0.96 (0.96, 0.97)"
"30",-0.0226503535699467,"model 5","cvd","dual 0","occur_bs_1000m","full",0.0148389549672758,0.0322254268358965,-0.051734170874019,0.0064334637341256,0.999270349013063,0.998334233193749,1.00020734260737,"1 (1, 1)"
"31",-0.0383780928349687,"model 5","cvd","dual 1","park","full",0.0125970415079013,0.159118870754791,-0.0630678405022114,-0.013688345167726,0.993911929072633,0.990014901881081,0.997824296256445,"0.99 (0.99, 1)"
"32",-0.081884790213137,"model 5","cvd","dual 1","ndvi_summer","full",0.0178759626667334,0.274767457777641,-0.116921033228917,-0.046848547197357,0.977751945439905,0.968384465881895,0.987210039496971,"0.98 (0.97, 0.99)"
"33",0.0176835531930991,"model 5","cvd","dual 1","occur_bs_1000m","full",0.0225180663603542,0.0322254268358965,-0.0264510458746781,0.0618181522608763,1.00057002245071,0.99914796694291,1.00199410192486,"1 (1, 1)"
"34",-0.0213166110045718,"model 5","cvd","race 1","park","full",0.0078349456625217,0.159118870754791,-0.0366728223239426,-0.00596039968520096,0.996613870838578,0.994181654441225,0.999052037533421,"1 (0.99, 1)"
"35",-0.128952743204173,"model 5","cvd","race 1","ndvi_summer","full",0.0112444638362166,0.274767457777641,-0.150991487348621,-0.106913999059725,0.965188347990225,0.95936128207336,0.971050806931422,"0.97 (0.96, 0.97)"
"36",-0.0304924779085529,"model 5","cvd","race 1","occur_bs_1000m","full",0.0149489898174787,0.0322254268358965,-0.0597919595560671,-0.00119299626103866,0.999017849509939,0.998075033710648,0.999961555925267,"1 (1, 1)"
"37",-0.0145383032637427,"model 5","cvd","race 2","park","full",0.0211066002571194,0.159118870754791,-0.0559064796037806,0.0268298730762952,0.997689355260916,0.991143674444873,1.0042782648625,"1 (0.99, 1)"
"38",-0.14913138462867,"model 5","cvd","race 2","ndvi_summer","full",0.0233714301913765,0.274767457777641,-0.19493854607096,-0.10332422318638,0.959851732818077,0.947846444022067,0.972009078901409,"0.96 (0.95, 0.97)"
"39",0.0450403966090743,"model 5","cvd","race 2","occur_bs_1000m","full",0.0305347812879877,0.0322254268358965,-0.0148066749911891,0.104887468209338,1.00145249986315,0.999522962397024,1.00338576222102,"1 (1, 1)"
"40",-0.068472805136424,"model 5","cvd","race 3","park","full",0.0211527579979411,0.159118870754791,-0.10993144898608,-0.0270141612867679,0.989163823544319,0.982659931804819,0.9957107623303,"0.99 (0.98, 1)"
"41",0.121316144188698,"model 5","cvd","race 3","ndvi_summer","full",0.0327775608459281,0.274767457777641,0.0570733054296087,0.185558982947787,1.03389552210154,1.01580549311065,1.05230770838643,"1.03 (1.02, 1.05)"
"42",0.0804448302578372,"model 5","cvd","race 3","occur_bs_1000m","full",0.0416009652666818,0.0322254268358965,-0.00109156338696083,0.161981223902635,1.00259573208579,0.999964824522608,1.00523356156707,"1 (1, 1.01)"
"43",-0.0669067713448693,"model 5","res","sex 1","park","full",0.0120783380316852,0.159118870754791,-0.0905798788800727,-0.0432336638096659,0.989410339567275,0.98569040156651,0.993144316396772,"0.99 (0.99, 0.99)"
"44",-0.000109174468338491,"model 5","res","sex 1","ndvi_summer","full",0.0168262781807932,0.274767457777641,-0.0330880736965453,0.0328697247598683,0.999970002858804,0.990949677068693,1.0090724380428,"1 (0.99, 1.01)"
"45",-0.102798071309,"model 5","res","sex 1","occur_bs_1000m","full",0.022134277704939,0.0322254268358965,-0.146180458434488,-0.0594156841835117,0.996692769249682,0.995300350407371,0.998087136077073,"1 (1, 1)"
"46",-0.0033674065951756,"model 5","res","sex 2","park","full",0.0141465649304103,0.159118870754791,-0.0310941643637372,0.024359351173386,0.999464325589998,0.995064551229217,1.00388355397957,"1 (1, 1)"
"47",-0.0881187089652863,"model 5","res","sex 2","ndvi_summer","full",0.0187992165518793,0.274767457777641,-0.124964496344539,-0.0512729215860336,0.976078609155335,0.966246620167238,0.986010643003041,"0.98 (0.97, 0.99)"
"48",-0.112810195108692,"model 5","res","sex 2","occur_bs_1000m","full",0.0227968174748879,0.0322254268358965,-0.157491136321606,-0.0681292538957784,0.996371243220212,0.994937638073405,0.997806914047962,"1 (0.99, 1)"
"49",-0.0362293507121286,"model 5","res","age 65","park","full",0.0143022711158177,0.159118870754791,-0.0642612869962588,-0.00819741442799842,0.994251811048748,0.989826916041169,0.998696486985207,"0.99 (0.99, 1)"
"50",-0.0772153084459447,"model 5","res","age 65","ndvi_summer","full",0.0194385372716063,0.274767457777641,-0.115314141410433,-0.0391164754814569,0.979007227443679,0.96881212292417,0.989309618147687,"0.98 (0.97, 0.99)"
"51",-0.0868238914964091,"model 5","res","age 65","occur_bs_1000m","full",0.0267031295972911,0.0322254268358965,-0.139161063781605,-0.034486719211213,0.997205973614566,0.995525515786986,0.998889268073116,"1 (1, 1)"
"52",-0.028132565256423,"model 5","res","age 75","park","full",0.0123288310774296,0.159118870754791,-0.0522966301396632,-0.00396850037318284,0.995533582228685,0.991713146119805,0.999368736033019,"1 (0.99, 1)"
"53",-0.020799757181813,"model 5","res","age 75","ndvi_summer","full",0.0183830781914784,0.274767457777641,-0.0568299283620944,0.0152304139984684,0.994301203693219,0.984506267308769,1.00419359073082,"0.99 (0.98, 1)"
"54",-0.0792209703142416,"model 5","res","age 75","occur_bs_1000m","full",0.0237504379194573,0.0322254268358965,-0.125770973253432,-0.0326709673750509,0.997450326370668,0.995955179116997,0.998947718168427,"1 (1, 1)"
"55",-0.0346707238499867,"model 5","res","age 85","park","full",0.0141749109652464,0.159118870754791,-0.0624530388259315,-0.00688840887404187,0.994498422983665,0.990111756359256,0.998904524630383,"0.99 (0.99, 1)"
"56",-0.0722550233614575,"model 5","res","age 85","ndvi_summer","full",0.0197714436781863,0.274767457777641,-0.111006340893065,-0.0335037058298502,0.980342450490982,0.969959529922578,0.99083651491251,"0.98 (0.97, 0.99)"
"57",-0.148879416094946,"model 5","res","age 85","occur_bs_1000m","full",0.0257286481790703,0.0322254268358965,-0.199306639896826,-0.0984521922930662,0.995213787861514,0.993597840175296,0.996832363660254,"1 (0.99, 1)"
"58",-0.0213111636410955,"model 5","res","dual 0","park","full",0.0124639830131751,0.159118870754791,-0.0457401214508377,0.00311779416864671,0.996614734682254,0.992748304878173,1.00049622296526,"1 (0.99, 1)"
"59",-0.0511892489441849,"model 5","res","dual 0","ndvi_summer","full",0.0156595922749319,0.274767457777641,-0.0818814858156331,-0.0204970120727367,0.986033312160135,0.977752833181291,0.99438391758586,"0.99 (0.98, 0.99)"
"60",-0.0938871493923035,"model 5","res","dual 0","occur_bs_1000m","full",0.0230859396030847,0.0322254268358965,-0.139134759563616,-0.0486395392209906,0.996979018910824,0.995526359659134,0.998433797864199,"1 (1, 1)"
"61",-0.0656242541287986,"model 5","res","dual 1","park","full",0.018443047655078,0.159118870754791,-0.101771963297907,-0.0294765449596898,0.989612271801644,0.983936575426667,0.995320707613435,"0.99 (0.98, 1)"
"62",-0.045233223084132,"model 5","res","dual 1","ndvi_summer","full",0.0236333983704284,0.274767457777641,-0.0915538327224593,0.00108738655419525,0.987648298571094,0.975157762026547,1.00029882307784,"0.99 (0.98, 1)"
"63",-0.0924689393422308,"model 5","res","dual 1","occur_bs_1000m","full",0.0345563345739665,0.0322254268358965,-0.160198110544921,-0.0247397681395402,0.997024584310088,0.994850850066128,0.999203068130896,"1 (0.99, 1)"
"64",-0.0347249027427764,"model 5","res","race 1","park","full",0.01267586265205,0.159118870754791,-0.0595691370137708,-0.00988066847178203,0.994489849564839,0.990566206271834,0.998429034450717,"0.99 (0.99, 1)"
"65",-0.0185506988058003,"model 5","res","race 1","ndvi_summer","full",0.0188854414211214,0.274767457777641,-0.0555654838233392,0.0184640862117386,0.994915839964765,0.984848371985313,1.00508622115848,"0.99 (0.98, 1.01)"
"66",-0.0971184983032802,"model 5","res","race 1","occur_bs_1000m","full",0.0218009556153413,0.0322254268358965,-0.139847586137905,-0.054389410468655,0.996875207297629,0.995503491545793,0.998248813152432,"1 (1, 1)"
"67",0.0182345257679732,"model 5","res","race 2","park","full",0.0273849527470167,0.159118870754791,-0.0354389953345107,0.0719080468704571,1.00290567044966,0.994376856471791,1.01150763643966,"1 (0.99, 1.01)"
"68",-0.116319782145204,"model 5","res","race 2","ndvi_summer","full",0.0336935656928897,0.274767457777641,-0.182357957414002,-0.0502816068764059,0.968544460309141,0.951128568743049,0.986279250170385,"0.97 (0.95, 0.99)"
"69",-0.113142402280785,"model 5","res","race 2","occur_bs_1000m","full",0.0404683904536358,0.0322254268358965,-0.192458990082216,-0.0338258144793543,0.99636057660711,0.99381712005197,0.99891054258045,"1 (0.99, 1)"
"70",-0.0911167131850788,"model 5","res","race 3","park","full",0.0278306970851721,0.159118870754791,-0.14566387713666,-0.0365695492334976,0.985606207026735,0.977088671951377,0.994197991661875,"0.99 (0.98, 0.99)"
"71",0.00437195664420963,"model 5","res","race 3","ndvi_summer","full",0.0420160486294597,0.274767457777641,-0.0779779854422149,0.0867218987306341,1.00120199322815,0.978802089339941,1.02411451933046,"1 (0.98, 1.02)"
"72",-0.0619920064285335,"model 5","res","race 3","occur_bs_1000m","full",0.0529065269905719,0.0322254268358965,-0.165686893877151,0.0417028810200837,0.998004275244651,0.994674898015281,1.0013447965702,"1 (0.99, 1)"
"73",-0.0453549243376525,"model 5","cvd","west","park","full",0.0131060861000726,0.159118870754791,-0.0710423810720758,-0.0196674676032292,0.992809154400783,0.988759468758648,0.996875426436595,"0.99 (0.99, 1)"
"74",-0.0830206301833374,"model 5","cvd","west","ndvi_summer","full",0.0257955761410008,0.274767457777641,-0.13357903038016,-0.0324622299865151,0.97744684462782,0.963962225225624,0.991120096899295,"0.98 (0.96, 0.99)"
"75",0.027424875355286,"model 5","cvd","west","occur_bs_1000m","full",0.0360396669106653,0.0322254268358965,-0.0432115738044379,0.0980613245150099,1.00088416896137,0.998608457684038,1.00316506631717,"1 (1, 1)"
"76",-0.0616328459899453,"model 5","cvd","south","park","full",0.0150968605558835,0.159118870754791,-0.0912221489591003,-0.0320435430207903,0.990240982453004,0.985589671826233,0.994914244091606,"0.99 (0.99, 0.99)"
"77",0.0622306463529663,"model 5","cvd","south","ndvi_summer","full",0.0174846516327555,0.274767457777641,0.0279613588705361,0.0964999338353965,1.0172459804408,1.00771246047764,1.02686969280155,"1.02 (1.01, 1.03)"
"78",0.101172212526542,"model 5","cvd","south","occur_bs_1000m","full",0.0205195094849779,0.0322254268358965,0.0609547129555573,0.141389712097527,1.00326563834919,1.00196622212729,1.00456673974019,"1 (1, 1)"
"79",-0.00390236027425091,"model 5","cvd","northeast","park","full",0.0153910044339909,0.159118870754791,-0.0340681746507693,0.0262634541022675,0.999379253582707,0.994593777028458,1.00418775540253,"1 (0.99, 1)"
"80",6.23948717248702e-05,"model 5","cvd","northeast","ndvi_summer","full",0.0224301943326584,0.274767457777641,-0.04389997818652,0.0440247679299698,1.00001714422724,0.988010172333854,1.01217003301307,"1 (0.99, 1.01)"
"81",0.0286073927507833,"model 5","cvd","northeast","occur_bs_1000m","full",0.0265671053702353,0.0322254268358965,-0.0234631769483585,0.0806779624499251,1.00092231050905,0.999244174887722,1.00260326439966,"1 (1, 1)"
"82",0.0536532990555102,"model 5","cvd","midwest","park","full",0.0269393397129794,0.159118870754791,0.000853163450780993,0.106453434660239,1.00857379862443,1.0001357636199,1.01708302439857,"1.01 (1, 1.02)"
"83",-0.307114496384568,"model 5","cvd","midwest","ndvi_summer","full",0.0249455287156719,0.274767457777641,-0.356006834242595,-0.258222158526541,0.919077279393396,0.906812937908866,0.931507491991759,"0.92 (0.91, 0.93)"
"84",-0.100078047567703,"model 5","cvd","midwest","occur_bs_1000m","full",0.0548707198486561,0.0322254268358965,-0.207622682276856,0.00746658714145002,0.996780137113002,0.993331603537827,1.0002406429075,"1 (0.99, 1)"
"85",-0.106586850959644,"model 5","res","west","park","full",0.0214908608413892,0.159118870754791,-0.148708164205529,-0.064465537713759,0.983183031459744,0.976615481375538,0.989794747047089,"0.98 (0.98, 0.99)"
"86",-0.318182363449334,"model 5","res","west","ndvi_summer","full",0.0414951688715084,0.274767457777641,-0.399511399969898,-0.23685332692877,0.916286528561423,0.89603775311407,0.936992888419357,"0.92 (0.9, 0.94)"
"87",-0.0969723076580099,"model 5","res","west","occur_bs_1000m","full",0.0587883347948612,0.0322254268358965,-0.212195326567021,0.0182507112510009,0.996879903643561,0.993185241532011,1.00058830994658,"1 (0.99, 1)"
"88",-0.112491241396879,"model 5","res","south","park","full",0.0237372339067702,0.159118870754791,-0.159015364946752,-0.0659671178470064,0.982259764834171,0.975015076230828,0.989558283900488,"0.98 (0.98, 0.99)"
"89",0.175195840788604,"model 5","res","south","ndvi_summer","full",0.0250618308233041,0.274767457777641,0.126075554988292,0.224316126588916,1.04931557236235,1.03524846398881,1.0635738266732,"1.05 (1.04, 1.06)"
"90",0.0598421267748902,"model 5","res","south","occur_bs_1000m","full",0.0303351551807648,0.0322254268358965,0.000386315155157572,0.119297938394623,1.00193029871065,1.00001244924826,1.0038518262738,"1 (1, 1)"
"91",0.0225979369492725,"model 5","res","northeast","park","full",0.024594863279353,0.159118870754791,-0.0256071092829461,0.0708029831814911,1.00360223070282,0.995933715502539,1.01132979212722,"1 (1, 1.01)"
"92",0.199335185284531,"model 5","res","northeast","ndvi_summer","full",0.0347615039614808,0.274767457777641,0.131203889471582,0.26746648109748,1.05629850666674,1.03670826026539,1.0762589418365,"1.06 (1.04, 1.08)"
"93",0.0579726597760292,"model 5","res","northeast","occur_bs_1000m","full",0.0447912665617203,0.0322254268358965,-0.0298166095068758,0.145761929058934,1.00186993986718,0.999039608503241,1.00470828970762,"1 (1, 1)"
"94",0.0936694599378028,"model 5","res","midwest","park","full",0.0389357141247791,0.159118870754791,0.0173568625408883,0.169982057334717,1.01501620581807,1.00276562166243,1.02741645287491,"1.02 (1, 1.03)"
"95",-0.319671273122293,"model 5","res","midwest","ndvi_summer","full",0.0414684399700384,0.274767457777641,-0.400947921958629,-0.238394624285957,0.915911748812683,0.89568414829532,0.936596157484425,"0.92 (0.9, 0.94)"
"96",-0.0882887661303792,"model 5","res","midwest","occur_bs_1000m","full",0.0691415291940721,0.0322254268358965,-0.223803673186785,0.0472261409260268,0.997158900410705,0.992813776382826,1.0015230412001,"1 (0.99, 1)"
"97",-0.0782395055332668,"model 5","cvd","sex 1","park","urban",0.0148685106778111,0.159118870754791,-0.107381250965526,-0.0490977601010078,0.987627791200459,0.983058761014816,0.992218057183661,"0.99 (0.98, 0.99)"
"98",-0.058287107517755,"model 5","cvd","sex 1","ndvi_summer","urban",0.0184229353037075,0.274767457777641,-0.0943953972025332,-0.0221788178329768,0.98411216426301,0.974396685789882,0.993924513469935,"0.98 (0.97, 0.99)"
"99",0.0407754718512808,"model 5","cvd","sex 1","occur_bs_1000m","urban",0.0190511591271809,0.0322254268358965,0.00343588609826471,0.0781150576042969,1.00131487067028,1.00011072902608,1.00252046211103,"1 (1, 1)"
"100",-0.0345927856012643,"model 5","cvd","sex 2","park","urban",0.0163138801975467,0.159118870754791,-0.066567403236557,-0.00261816796597159,0.994510756278754,0.989463769039731,0.99958348683551,"0.99 (0.99, 1)"
"101",-0.0910112132756297,"model 5","cvd","sex 2","ndvi_summer","urban",0.0179684592332124,0.274767457777641,-0.126228746230402,-0.0557936803208572,0.975303163198706,0.965911028802567,0.984786622971494,"0.98 (0.97, 0.98)"
"102",0.0305650633049698,"model 5","cvd","sex 2","occur_bs_1000m","urban",0.0200499902507336,0.0322254268358965,-0.00873219547684726,0.0698623220867869,1.0009854574557,0.999718640862452,1.00225387932489,"1 (1, 1)"
"103",-0.0719854686405078,"model 5","cvd","age 65","park","urban",0.0168529306642544,0.159118870754791,-0.105016605776397,-0.0389543315046185,0.988611103650238,0.98342871597722,0.993820801022024,"0.99 (0.98, 0.99)"
"104",-0.0484218591955202,"model 5","cvd","age 65","ndvi_summer","urban",0.0209961038706399,0.274767457777641,-0.0895734665976364,-0.00727025179340398,0.986783365825207,0.975688528925347,0.998004365329407,"0.99 (0.98, 1)"
"105",0.0874059108303876,"model 5","cvd","age 65","occur_bs_1000m","urban",0.0226161210028609,0.0322254268358965,0.0430791281947804,0.131732693465995,1.00282066339073,1.00138920734958,1.00425416565565,"1 (1, 1)"
"106",-0.0370857915185157,"model 5","cvd","age 75","park","urban",0.0159488919589843,0.159118870754791,-0.0683450453514454,-0.00582653768558601,0.994116327726121,0.989183932452877,0.999073317538696,"0.99 (0.99, 1)"
"107",-0.0802881659404826,"model 5","cvd","age 75","ndvi_summer","urban",0.0180839027558231,0.274767457777641,-0.115731964041821,-0.0448443678391447,0.978180979703931,0.968700905741136,0.98775382926114,"0.98 (0.97, 0.99)"
"108",0.0145085334004364,"model 5","cvd","age 75","occur_bs_1000m","urban",0.0175483033556871,0.0322254268358965,-0.0198855091664937,0.0489025759673665,1.00046765299717,0.999359386259918,1.00157714877693,"1 (1, 1)"
"109",-0.0360484191386943,"model 5","cvd","age 85","park","urban",0.0180995824998648,0.159118870754791,-0.0715229489736407,-0.000573889303747861,0.994280435600221,0.98868386376197,0.999908687551285,"0.99 (0.99, 1)"
"110",-0.154953030957698,"model 5","cvd","age 85","ndvi_summer","urban",0.0192654515992328,0.274767457777641,-0.192712622238094,-0.117193439677302,0.958317582322567,0.948426335059652,0.968311986540113,"0.96 (0.95, 0.97)"
"111",-0.0322978089295366,"model 5","cvd","age 85","occur_bs_1000m","urban",0.0224818322364905,0.0322254268358965,-0.0763613904195296,0.0117657725604563,0.998959730776949,0.99754224683313,1.00037922893193,"1 (1, 1)"
"112",-0.0377339249245759,"model 5","cvd","dual 0","park","urban",0.0154337361847003,0.159118870754791,-0.0679834919934811,-0.00748435785567069,0.99401380954153,0.989240841803939,0.998809806272731,"0.99 (0.99, 1)"
"113",-0.108136097413894,"model 5","cvd","dual 0","ndvi_summer","urban",0.0185417779530023,0.274767457777641,-0.144477314411117,-0.0717948804166707,0.970724789745953,0.961079963931881,0.980466405284578,"0.97 (0.96, 0.98)"
"114",0.036810135894313,"model 5","cvd","dual 0","occur_bs_1000m","urban",0.0194784110506354,0.0322254268358965,-0.00136684824099937,0.0749871200296254,1.00118692618108,0.999955953702081,1.00241941402007,"1 (1, 1)"
"115",-0.10455081464722,"model 5","cvd","dual 1","park","urban",0.0276153422173228,0.159118870754791,-0.158675890813921,-0.0504257384805189,0.983501606636944,0.975067744789826,0.992008417287912,"0.98 (0.98, 0.99)"
"116",0.0174148831490952,"model 5","cvd","dual 1","ndvi_summer","urban",0.0299289600757483,0.274767457777641,-0.0412448006941086,0.076074566992299,1.00479650977154,0.988731244447643,1.02112280937688,"1 (0.99, 1.02)"
"117",0.0651850082777155,"model 5","cvd","dual 1","occur_bs_1000m","urban",0.0328273399385219,0.0322254268358965,0.000844604289959278,0.129525412265472,1.00210282255181,1.00002721810416,1.00418273501603,"1 (1, 1)"
"118",-0.0456159258314709,"model 5","cvd","race 1","park","urban",0.0153318203086645,0.159118870754791,-0.0756657414538931,-0.0155661102090487,0.992767923631698,0.988032341621841,0.997526203012914,"0.99 (0.99, 1)"
"119",-0.0954145311441472,"model 5","cvd","race 1","ndvi_summer","urban",0.0176579745537862,0.274767457777641,-0.130023525309493,-0.0608055369788015,0.974123868711196,0.964904415831749,0.983431411467734,"0.97 (0.96, 0.98)"
"120",0.0278649447911804,"model 5","cvd","race 1","occur_bs_1000m","urban",0.0194768966078897,0.0322254268358965,-0.0103090710908938,0.0660389606732546,1.0008983630262,0.999667840960847,1.00213039977923,"1 (1, 1)"
"121",-0.0710048139429331,"model 5","cvd","race 2","park","urban",0.0376735921490349,0.159118870754791,-0.144843697723292,0.00283406983742622,0.98876537922364,0.977216196228327,1.00045105568721,"0.99 (0.98, 1)"
"122",-0.0613767046220489,"model 5","cvd","race 2","ndvi_summer","urban",0.032754191378492,0.274767457777641,-0.125573740066626,0.00282033082252774,0.983277085542382,0.966084883683856,1.00077523547,"0.98 (0.97, 1)"
"123",0.0782523607402395,"model 5","cvd","race 2","occur_bs_1000m","urban",0.0420383633322221,0.0322254268358965,-0.00414131735992501,0.160646038840404,1.00252489792518,0.999866553185232,1.00519031040505,"1 (1, 1.01)"
"124",-0.111919444467336,"model 5","cvd","race 3","park","urban",0.0351859721558861,0.159118870754791,-0.180882682653902,-0.0429562062807701,0.982349138509703,0.971628403830613,0.993188163423625,"0.98 (0.97, 0.99)"
"125",-0.0429773127797358,"model 5","cvd","race 3","ndvi_summer","urban",0.0497879587779277,0.274767457777641,-0.140559918848239,0.0546052932887673,0.988260682872968,0.962115001225903,1.01511687903017,"0.99 (0.96, 1.02)"
"126",0.114334503379158,"model 5","cvd","race 3","occur_bs_1000m","urban",0.045323644271692,0.0322254268358965,0.0255017929585366,0.203167213799779,1.00369127420722,1.00082214393838,1.00656862962231,"1 (1, 1.01)"
"127",-0.0546732433072455,"model 5","res","sex 1","park","urban",0.0220624229831344,0.159118870754791,-0.0979147977658777,-0.0114316888486133,0.991338186808723,0.984540649714241,0.99818265595275,"0.99 (0.98, 1)"
"128",0.108256248817666,"model 5","res","sex 1","ndvi_summer","urban",0.0250169470563972,0.274767457777641,0.0592239335839822,0.15728856405135,1.03019210470811,1.01640593295409,1.04416526723566,"1.03 (1.02, 1.04)"
"129",0.0281082072769382,"model 5","res","sex 1","occur_bs_1000m","urban",0.0260594368520535,0.0322254268358965,-0.0229673504104825,0.0791837649643589,1.00090620933688,0.999260141160356,1.00255498906,"1 (1, 1)"
"130",-0.0128827213652996,"model 5","res","sex 2","park","urban",0.0227145241953462,0.159118870754791,-0.0574023707141418,0.0316369279835426,0.997952215501592,0.990907786037844,1.00504672428369,"1 (0.99, 1.01)"
"131",0.0290958049947776,"model 5","res","sex 2","ndvi_summer","urban",0.0241931788655455,0.274767457777641,-0.0183219542532272,0.0765135642427824,1.00802662235856,0.994978373941729,1.02124598684304,"1.01 (0.99, 1.02)"
"132",0.020307132910741,"model 5","res","sex 2","occur_bs_1000m","urban",0.027715892750836,0.0322254268358965,-0.0340150186802723,0.0746292845017543,1.0006546201962,0.998904452055508,1.00240785478485,"1 (1, 1)"
"133",-0.00405926725163564,"model 5","res","age 65","park","urban",0.0264671097868475,0.159118870754791,-0.0559338492087243,0.047815314705453,0.999354302531218,0.991139358003121,1.00763733568182,"1 (0.99, 1.01)"
"134",0.0651299256526169,"model 5","res","age 65","ndvi_summer","urban",0.0309160213598551,0.274767457777641,0.00453563724202989,0.125724214063204,1.01805666953319,1.00124702240103,1.03514852897697,"1.02 (1, 1.04)"
"135",0.0672192812789781,"model 5","res","age 65","occur_bs_1000m","urban",0.0333454198837524,0.0322254268358965,0.00186345925745761,0.132575103300499,1.00216851787209,1.00006005257305,1.00428142853009,"1 (1, 1)"
"136",-0.0306592159677496,"model 5","res","age 75","park","urban",0.0220455935238318,0.159118870754791,-0.0738677852922694,0.0125493533567702,0.995133420534972,0.988315047000957,1.00199883394538,"1 (0.99, 1)"
"137",0.0828138602294238,"model 5","res","age 75","ndvi_summer","urban",0.0251485568082526,0.274767457777641,0.0335235946220891,0.132104125836758,1.02301541352873,1.00925374646302,1.03696472763672,"1.02 (1.01, 1.04)"
"138",0.0311765520451377,"model 5","res","age 75","occur_bs_1000m","urban",0.0257423812180096,0.0322254268358965,-0.0192775880184614,0.0816306921087368,1.00100518255462,0.999378964420213,1.00263404691785,"1 (1, 1)"
"139",-0.0320328500081528,"model 5","res","age 85","park","urban",0.025181537583576,0.159118870754791,-0.0813877567473035,0.0173220567309979,0.994915936899931,0.987133166733603,1.00276006809991,"0.99 (0.99, 1)"
"140",-0.00599728459093866,"model 5","res","age 85","ndvi_summer","urban",0.026570701791769,0.274767457777641,-0.0580749031467598,0.0460803339648825,0.998353498332959,0.984169546421685,1.01274187080627,"1 (0.98, 1.01)"
"141",-0.0498622953126656,"model 5","res","age 85","occur_bs_1000m","urban",0.0281750617590057,0.0322254268358965,-0.105084401622509,0.0053598109971773,0.998394456516707,0.996619337654669,1.00017273711448,"1 (1, 1)"
"142",-0.00195157373511052,"model 5","res","dual 0","park","urban",0.0200902817327378,0.159118870754791,-0.0413278023705395,0.0374246549003185,0.99968951600121,0.993445541544555,1.00597273490095,"1 (0.99, 1.01)"
"143",0.0349818269498933,"model 5","res","dual 0","ndvi_summer","urban",0.023072139298957,0.274767457777641,-0.0102387351223536,0.0802023890221402,1.00965821001926,0.997190682318724,1.02228161487521,"1.01 (1, 1.02)"
"144",0.036498323572942,"model 5","res","dual 0","occur_bs_1000m","urban",0.0220180874522647,0.0322254268358965,-0.00665633484195008,0.0796529819878341,1.0011768660199,0.999785519772729,1.00257014852674,"1 (1, 1)"
"145",-0.106761463409682,"model 5","res","dual 1","park","urban",0.0389527940988504,0.159118870754791,-0.183107536940633,-0.0304153898787309,0.983155714948298,0.971284492415179,0.995172029805582,"0.98 (0.97, 1)"
"146",0.161534530146783,"model 5","res","dual 1","ndvi_summer","urban",0.0421936505752978,0.274767457777641,0.0788364946429316,0.244232565650634,1.04538415697334,1.02189802117137,1.06941007126933,"1.05 (1.02, 1.07)"
"147",0.0183518008778769,"model 5","res","dual 1","occur_bs_1000m","urban",0.0494227401085037,0.0322254268358965,-0.0785149897520735,0.115218591507827,1.00059156952477,0.997473019147343,1.00371986989671,"1 (1, 1)"
"148",-0.0173243720573553,"model 5","res","race 1","park","urban",0.0218834968522137,0.159118870754791,-0.0602152377434898,0.0255664936287792,0.997247161509743,0.990464374546234,1.00407639759366,"1 (0.99, 1)"
"149",0.0645920027117412,"model 5","res","race 1","ndvi_summer","urban",0.024504051046834,0.274767457777641,0.0165649451846156,0.112619060238867,1.01790620809099,1.00456188172149,1.03142779685666,"1.02 (1, 1.03)"
"150",0.0358937705397143,"model 5","res","race 1","occur_bs_1000m","urban",0.0282035300257524,0.0322254268358965,-0.0193841325476544,0.091171673627083,1.00115736130268,0.999375533115463,1.00294236638544,"1 (1, 1)"
"151",-0.00286129879243606,"model 5","res","race 2","park","urban",0.0496437271284417,0.159118870754791,-0.100161216022516,0.0944386184376437,0.999544816994487,0.984188790973939,1.01514043885001,"1 (0.98, 1.02)"
"152",-0.0183607006583331,"model 5","res","race 2","ndvi_summer","urban",0.046650261141563,0.274767457777641,-0.109793532365185,0.0730721310485187,0.994967781208379,0.970282813405367,1.02028075934716,"0.99 (0.97, 1.02)"
"153",-0.0531447253485046,"model 5","res","race 2","occur_bs_1000m","urban",0.0513071393735057,0.0322254268358965,-0.153704870670353,0.0474154199733435,0.998288854223738,0.995059041827297,1.00152915010676,"1 (1, 1)"
"154",-0.0824390480257683,"model 5","res","race 3","park","urban",0.0278306970851721,0.159118870754791,-0.136986211977349,-0.0278918840741871,0.986968052630576,0.978438748587434,0.99557170882664,"0.99 (0.98, 1)"
"155",-0.12362088028892,"model 5","res","race 3","ndvi_summer","urban",0.0420160486294597,0.274767457777641,-0.205970822375344,-0.0412709382024955,0.966603406851434,0.944977577540332,0.988724143665644,"0.97 (0.94, 0.99)"
"156",0.0312396599817663,"model 5","res","race 3","occur_bs_1000m","urban",0.0529065269905719,0.0322254268358965,-0.0724552274668509,0.134934547430383,1.00100721828111,0.997667823128553,1.00435779106185,"1 (1, 1)"
"157",-0.0939156039181437,"model 5","cvd","west","park","urban",0.0269023377977299,0.159118870754791,-0.146643217101625,-0.0411879907346625,0.985167358789952,0.976936422650905,0.99346764264514,"0.99 (0.98, 0.99)"
"158",-0.15847572333623,"model 5","cvd","west","ndvi_summer","urban",0.0460118568256023,0.274767457777641,-0.248657305576224,-0.0682941410962361,0.957390455155564,0.933958816217492,0.981409959097736,"0.96 (0.93, 0.98)"
"159",0.00996029348536711,"model 5","cvd","west","occur_bs_1000m","urban",0.0456572192696151,0.0322254268358965,-0.0795262119173266,0.0994467988880608,1.00032102622687,0.997440514957944,1.00320985613239,"1 (1, 1)"
"160",-0.0623622777516607,"model 5","cvd","south","park","urban",0.0259003509030045,0.159118870754791,-0.113126032708499,-0.0115985227948224,0.990126055458121,0.982160554460912,0.998156158119334,"0.99 (0.98, 1)"
"161",0.0545357074095762,"model 5","cvd","south","ndvi_summer","urban",0.0282881251974165,0.274767457777641,-0.000907999167520136,0.109979413986673,1.01509747024685,0.999750542496775,1.03067998495722,"1.02 (1, 1.03)"
"162",0.0749565289594163,"model 5","cvd","south","occur_bs_1000m","urban",0.0247370322645281,0.0322254268358965,0.0264728366365359,0.123440221282297,1.00241842582518,1.00085346245216,1.00398583622011,"1 (1, 1)"
"163",-0.0404744905124239,"model 5","cvd","northeast","park","urban",0.0273464429474411,0.159118870754791,-0.0940725337946878,0.01312355276984,0.993580438770265,0.985142758970883,1.0020903867153,"0.99 (0.99, 1)"
"164",-0.019496664970992,"model 5","cvd","northeast","ndvi_summer","urban",0.0296602449075046,0.274767457777641,-0.0776296767623385,0.0386363468203546,0.994657274329679,0.978895768990594,1.01067256057008,"0.99 (0.98, 1.01)"
"165",0.0925444176123976,"model 5","cvd","northeast","occur_bs_1000m","urban",0.0307327975023225,0.0322254268358965,0.032309241363683,0.152779593861112,1.0029867347899,1.00104172130881,1.00493552741162,"1 (1, 1)"
"166",0.0417489538809777,"model 5","cvd","midwest","park","urban",0.041026519787015,0.159118870754791,-0.0386615473125916,0.122159455074547,1.00666516037038,0.993867101717172,1.01962802003673,"1.01 (0.99, 1.02)"
"167",-0.119801922282697,"model 5","cvd","midwest","ndvi_summer","urban",0.0412077891715629,0.274767457777641,-0.20056770494148,-0.0390361396239141,0.967618220683116,0.946381533946597,0.989331456091992,"0.97 (0.95, 0.99)"
"168",-0.0232117598656205,"model 5","cvd","midwest","occur_bs_1000m","urban",0.0788653590601251,0.0322254268358965,-0.177785023251285,0.131361503520044,0.999252270819611,0.994287182299625,1.00424215308576,"1 (0.99, 1)"
"169",-0.0807743423517524,"model 5","res","west","park","urban",0.0356914801273271,0.159118870754791,-0.150728357956241,-0.0108203267472642,0.987229521364206,0.976301597854688,0.998279763133259,"0.99 (0.98, 1)"
"170",-0.300565156162735,"model 5","res","west","ndvi_summer","urban",0.0601689216251105,0.274767457777641,-0.418494075536565,-0.182636236788905,0.92073268988003,0.891376347228298,0.951055846220015,"0.92 (0.89, 0.95)"
"171",-0.127740440490904,"model 5","res","west","occur_bs_1000m","urban",0.0619037733536107,0.0322254268358965,-0.249069606771111,-0.00641127421069677,0.9958919709128,0.992005750945429,0.999793415293558,"1 (0.99, 1)"
"172",-0.106555575931122,"model 5","res","south","park","urban",0.0404933093205278,0.159118870754791,-0.185921003814197,-0.0271901480480475,0.983187924230383,0.970849769292245,0.995682880016698,"0.98 (0.97, 1)"
"173",0.0530819247936877,"model 5","res","south","ndvi_summer","urban",0.0463110987282158,0.274767457777641,-0.0376861607980939,0.143850010385469,1.01469206835104,0.98969849712546,1.04031682028915,"1.01 (0.99, 1.04)"
"174",0.0772446806186018,"model 5","res","south","occur_bs_1000m","urban",0.0379853566004204,0.0322254268358965,0.00279474974186701,0.151694611495337,1.0024923435409,1.00009006605904,1.00490039144015,"1 (1, 1)"
"175",0.0308209168641448,"model 5","res","northeast","park","urban",0.0433270912533598,0.159118870754791,-0.0540986215473208,0.11574045527561,1.00491623470694,0.991428832141206,1.01858711996158,"1 (0.99, 1.02)"
"176",0.208520778810694,"model 5","res","northeast","ndvi_summer","urban",0.0452818497902541,0.274767457777641,0.119769984068443,0.297271573552945,1.05896786795828,1.03345638091705,1.08510912127031,"1.06 (1.03, 1.09)"
"177",0.110192592527782,"model 5","res","northeast","occur_bs_1000m","urban",0.0471232530657662,0.0322254268358965,0.0178327136845136,0.20255247137105,1.00355731561011,1.00057483196273,1.00654868935589,"1 (1, 1.01)"
"178",0.136581253504278,"model 5","res","midwest","park","urban",0.0389357141247791,0.159118870754791,0.0602686561073635,0.212893850901193,1.02197052905422,1.009636010749,1.03445573566712,"1.02 (1.01, 1.03)"
"179",0.0366327386662717,"model 5","res","midwest","ndvi_summer","urban",0.0414684399700384,0.274767457777641,-0.0446439101700648,0.117909387502608,1.01011631185455,0.987808235493751,1.03292818060443,"1.01 (0.99, 1.03)"
"180",0.0751867034565695,"model 5","res","midwest","occur_bs_1000m","urban",0.0691415291940721,0.0322254268358965,-0.0603282035998365,0.210701610512975,1.00242586126277,0.998057786431224,1.00681305330176,"1 (1, 1.01)"
